Map,Query Number,Time,Distance,Path Length
ht_0_hightown_a2,0,3.47500000,4.00000000,2
ht_0_hightown_a2,1,0.90840000,5.00000000,2
ht_0_hightown_a2,2,0.35000000,6.70820393,2
ht_0_hightown_a2,3,0.53340000,4.47213595,2
ht_0_hightown_a2,4,7.88320000,7.33508749,3
ht_0_hightown_a2,5,0.49160000,6.08276253,2
ht_0_hightown_a2,6,0.45800000,4.24264069,2
ht_0_hightown_a2,7,0.50840000,5.65685425,2
ht_0_hightown_a2,8,0.40840000,4.12310563,2
ht_0_hightown_a2,9,0.37500000,4.12310563,2
ht_0_hightown_a2,10,0.52480000,8.24621125,2
ht_0_hightown_a2,11,0.40860000,11.00000000,2
ht_0_hightown_a2,12,0.56680000,11.00000000,2
ht_0_hightown_a2,13,0.45000000,7.81024968,2
ht_0_hightown_a2,14,0.49160000,7.81024968,2
ht_0_hightown_a2,15,0.48340000,11.18033989,2
ht_0_hightown_a2,16,0.51660000,9.00000000,2
ht_0_hightown_a2,17,0.36680000,8.60232527,2
ht_0_hightown_a2,18,0.40000000,9.21954446,2
ht_0_hightown_a2,19,0.41640000,9.21954446,2
ht_0_hightown_a2,20,0.45840000,11.18033989,2
ht_0_hightown_a2,21,0.33300000,14.56021978,2
ht_0_hightown_a2,22,0.49980000,13.03840481,2
ht_0_hightown_a2,23,0.35820000,13.41640786,2
ht_0_hightown_a2,24,0.35820000,13.34166406,2
ht_0_hightown_a2,25,0.47500000,14.14213562,2
ht_0_hightown_a2,26,0.79980000,15.13274595,2
ht_0_hightown_a2,27,4.00840000,15.13814767,3
ht_0_hightown_a2,28,0.69980000,13.03840481,2
ht_0_hightown_a2,29,3.98320000,13.32455532,3
ht_0_hightown_a2,30,0.34140000,18.02775638,2
ht_0_hightown_a2,31,2.91660000,17.91140325,3
ht_0_hightown_a2,32,0.89180000,16.76305461,2
ht_0_hightown_a2,33,0.72480000,14.86606875,2
ht_0_hightown_a2,34,0.60020000,17.02938637,2
ht_0_hightown_a2,35,6.45840000,16.42357483,5
ht_0_hightown_a2,36,0.36660000,16.49242250,2
ht_0_hightown_a2,37,2.77500000,15.53932602,3
ht_0_hightown_a2,38,0.55800000,17.26267650,2
ht_0_hightown_a2,39,0.51660000,18.35755975,2
ht_0_hightown_a2,40,0.73300000,19.23538406,2
ht_0_hightown_a2,41,0.49180000,19.69771560,2
ht_0_hightown_a2,42,0.72500000,20.88061302,2
ht_0_hightown_a2,43,1.34180000,22.00000000,2
ht_0_hightown_a2,44,1.15020000,19.69771560,2
ht_0_hightown_a2,45,4.11700000,20.28217583,3
ht_0_hightown_a2,46,0.45000000,22.80350850,2
ht_0_hightown_a2,47,0.40840000,20.61552813,2
ht_0_hightown_a2,48,0.45000000,19.31320792,2
ht_0_hightown_a2,49,1.33300000,21.21320344,2
ht_0_hightown_a2,50,0.50820000,25.07987241,2
ht_0_hightown_a2,51,0.51700000,24.33105012,2
ht_0_hightown_a2,52,3.47500000,21.91040781,4
ht_0_hightown_a2,53,0.52480000,25.00000000,2
ht_0_hightown_a2,54,0.57480000,24.08318916,2
ht_0_hightown_a2,55,0.45800000,27.58622845,2
ht_0_hightown_a2,56,0.54980000,24.83948470,2
ht_0_hightown_a2,57,0.58340000,24.00000000,2
ht_0_hightown_a2,58,0.51660000,25.96150997,2
ht_0_hightown_a2,59,3.11660000,25.61134848,3
ht_0_hightown_a2,60,0.37500000,27.89265136,2
ht_0_hightown_a2,61,3.12520000,29.17618695,3
ht_0_hightown_a2,62,3.84140000,29.43206501,3
ht_0_hightown_a2,63,4.25860000,28.84987259,3
ht_0_hightown_a2,64,3.74980000,27.85593629,4
ht_0_hightown_a2,65,0.70000000,29.52964612,2
ht_0_hightown_a2,66,2.20840000,27.34523506,3
ht_0_hightown_a2,67,3.85860000,26.72004515,3
ht_0_hightown_a2,68,0.49160000,29.00000000,2
ht_0_hightown_a2,69,3.58320000,29.32254937,3
ht_0_hightown_a2,70,0.90000000,34.20526275,2
ht_0_hightown_a2,71,0.55020000,33.54101966,2
ht_0_hightown_a2,72,3.42500000,32.29005131,3
ht_0_hightown_a2,73,1.30000000,34.13209633,2
ht_0_hightown_a2,74,2.54980000,30.28245473,3
ht_0_hightown_a2,75,0.45000000,32.38826948,2
ht_0_hightown_a2,76,0.70840000,33.42154993,2
ht_0_hightown_a2,77,2.74180000,31.79783231,3
ht_0_hightown_a2,78,3.21640000,33.15475947,4
ht_0_hightown_a2,79,3.43340000,34.48683298,4
ht_0_hightown_a2,80,4.85860000,36.49937640,3
ht_0_hightown_a2,81,0.72500000,34.48187930,2
ht_0_hightown_a2,82,3.85820000,38.72474642,6
ht_0_hightown_a2,83,0.52500000,39.01281841,2
ht_0_hightown_a2,84,0.57500000,38.11823711,2
ht_0_hightown_a2,85,0.49160000,37.20215048,2
ht_0_hightown_a2,86,2.30000000,32.59682773,4
ht_0_hightown_a2,87,3.76680000,36.46414678,5
ht_0_hightown_a2,88,2.85840000,34.22183692,3
ht_0_hightown_a2,89,0.75000000,33.95585369,2
ht_0_hightown_a2,90,1.14180000,43.01162634,2
ht_0_hightown_a2,91,0.74160000,41.10960958,2
ht_0_hightown_a2,92,0.59160000,40.44749683,2
ht_0_hightown_a2,93,3.52500000,39.98309266,6
ht_0_hightown_a2,94,0.61660000,39.81205847,2
ht_0_hightown_a2,95,2.32480000,37.66711302,3
ht_0_hightown_a2,96,2.89160000,39.43731110,5
ht_0_hightown_a2,97,0.65820000,40.11234224,2
ht_0_hightown_a2,98,2.69160000,40.03739638,3
ht_0_hightown_a2,99,0.49140000,39.81205847,2
ht_0_hightown_a2,100,3.49160000,42.31920650,4
ht_0_hightown_a2,101,2.91660000,46.10632552,4
ht_0_hightown_a2,102,0.83340000,44.10215414,2
ht_0_hightown_a2,103,3.47500000,41.83548988,3
ht_0_hightown_a2,104,2.44980000,42.43803863,4
ht_0_hightown_a2,105,0.75840000,44.65422712,2
ht_0_hightown_a2,106,0.46620000,45.39823785,2
ht_0_hightown_a2,107,0.97460000,45.60701700,2
ht_0_hightown_a2,108,2.14980000,41.73614354,4
ht_0_hightown_a2,109,3.12500000,41.09939754,3
ht_0_hightown_a2,110,3.55840000,47.05204999,4
ht_0_hightown_a2,111,0.72500000,46.61544808,2
ht_0_hightown_a2,112,0.56680000,47.42362281,2
ht_0_hightown_a2,113,0.65820000,45.17742799,2
ht_0_hightown_a2,114,3.81640000,50.05817942,3
ht_0_hightown_a2,115,0.95840000,47.85394446,2
ht_0_hightown_a2,116,2.84160000,45.46262762,3
ht_0_hightown_a2,117,2.87520000,48.89244399,4
ht_0_hightown_a2,118,0.31680000,49.36598019,2
ht_0_hightown_a2,119,2.70800000,43.34010426,4
ht_0_hightown_a2,120,2.95820000,49.34034204,4
ht_0_hightown_a2,121,2.65820000,49.85773860,3
ht_0_hightown_a2,122,0.70000000,52.39274759,2
ht_0_hightown_a2,123,3.45040000,49.67847928,3
ht_0_hightown_a2,124,3.23340000,50.35836439,3
ht_0_hightown_a2,125,2.87480000,49.92255927,4
ht_0_hightown_a2,126,2.65000000,51.15564667,3
ht_0_hightown_a2,127,2.12500000,53.13179748,3
ht_0_hightown_a2,128,0.93300000,48.38388161,2
ht_0_hightown_a2,129,3.08340000,49.91237461,3
ht_0_hightown_a2,130,2.86680000,52.84303391,6
ht_0_hightown_a2,131,3.02480000,54.65720118,4
ht_0_hightown_a2,132,2.89120000,57.13670881,3
ht_0_hightown_a2,133,3.30840000,55.72067670,4
ht_0_hightown_a2,134,0.89160000,53.15072906,2
ht_0_hightown_a2,135,3.14140000,55.49366662,4
ht_0_hightown_a2,136,3.54140000,50.98686433,6
ht_0_hightown_a2,137,2.58340000,57.11671742,5
ht_0_hightown_a2,138,0.54160000,54.23098745,2
ht_0_hightown_a2,139,1.62500000,59.39696962,2
ht_0_hightown_a2,140,2.01660000,56.85476994,5
ht_0_hightown_a2,141,0.67500000,61.29437168,2
ht_0_hightown_a2,142,0.56660000,59.41380311,2
ht_0_hightown_a2,143,2.56640000,55.99508914,5
ht_0_hightown_a2,144,2.47520000,58.42209618,4
ht_0_hightown_a2,145,0.81700000,57.07013229,2
ht_0_hightown_a2,146,1.98360000,59.07862705,3
ht_0_hightown_a2,147,3.57480000,56.27686732,4
ht_0_hightown_a2,148,2.71680000,57.83987080,4
ht_0_hightown_a2,149,2.92500000,58.70775002,4
ht_0_hightown_a2,150,2.77520000,62.03971335,4
ht_0_hightown_a2,151,2.95840000,64.54664145,5
ht_0_hightown_a2,152,3.18340000,60.98097539,5
ht_0_hightown_a2,153,2.30820000,62.00230152,5
ht_0_hightown_a2,154,3.03320000,63.15456446,5
ht_0_hightown_a2,155,2.70880000,64.51608821,8
ht_0_hightown_a2,156,0.86680000,66.06814664,2
ht_0_hightown_a2,157,3.37500000,62.21020323,3
ht_0_hightown_a2,158,2.35820000,61.06679797,6
ht_0_hightown_a2,159,2.26680000,61.34271196,5
ht_0_hightown_a2,160,2.79180000,64.18210187,4
ht_0_hightown_a2,161,2.45000000,64.58596359,6
ht_0_hightown_a2,162,2.83320000,66.42599936,4
ht_0_hightown_a2,163,2.34980000,64.21734310,3
ht_0_hightown_a2,164,3.30820000,67.48762225,3
ht_0_hightown_a2,165,3.35800000,64.45111076,5
ht_0_hightown_a2,166,2.55020000,67.92833401,3
ht_0_hightown_a2,167,2.45820000,64.39475871,6
ht_0_hightown_a2,168,1.11660000,64.32728814,2
ht_0_hightown_a2,169,3.08320000,65.63114598,6
ht_0_hightown_a2,170,3.10000000,67.01341709,4
ht_0_hightown_a2,171,2.61640000,69.59465600,3
ht_0_hightown_a2,172,2.63340000,67.08775265,5
ht_0_hightown_a2,173,2.83320000,67.32286592,3
ht_0_hightown_a2,174,2.26660000,66.42903979,5
ht_0_hightown_a2,175,2.12480000,70.46943316,5
ht_0_hightown_a2,176,2.35020000,69.14715573,3
ht_0_hightown_a2,177,4.37500000,72.98353305,7
ht_0_hightown_a2,178,2.86660000,67.06064564,5
ht_0_hightown_a2,179,2.35820000,73.28657259,4
ht_0_hightown_a2,180,3.22480000,75.29953597,4
ht_0_hightown_a2,181,2.48340000,69.96065186,6
ht_0_hightown_a2,182,3.93340000,78.51504037,7
ht_0_hightown_a2,183,2.54180000,70.97540136,5
ht_0_hightown_a2,184,2.55800000,73.69524389,7
ht_0_hightown_a2,185,2.82520000,70.64314868,5
ht_0_hightown_a2,186,2.94160000,72.79768571,5
ht_0_hightown_a2,187,2.53360000,77.07740579,5
ht_0_hightown_a2,188,0.98360000,77.00649323,2
ht_0_hightown_a2,189,2.46680000,71.08245656,4
ht_0_hightown_a2,190,2.97500000,79.31279629,7
ht_0_hightown_a2,191,2.93320000,81.28032567,8
ht_0_hightown_a2,192,2.24160000,76.24459892,3
ht_0_hightown_a2,193,3.58340000,76.80372939,4
ht_0_hightown_a2,194,2.34980000,77.34023686,3
ht_0_hightown_a2,195,0.88320000,80.00624976,2
ht_0_hightown_a2,196,3.00860000,76.74486277,4
ht_0_hightown_a2,197,2.63340000,76.25647914,5
ht_0_hightown_a2,198,1.95820000,75.82924039,4
ht_0_hightown_a2,199,2.30800000,77.88713703,5
ht_0_hightown_a2,200,3.37480000,83.06888371,4
ht_0_hightown_a2,201,2.46660000,78.73284110,3
ht_0_hightown_a2,202,3.27480000,81.33327804,3
ht_0_hightown_a2,203,3.11640000,82.78797110,5
ht_0_hightown_a2,204,3.96660000,79.69880262,5
ht_0_hightown_a2,205,3.78360000,80.42859277,10
ht_0_hightown_a2,206,2.53320000,80.08741575,4
ht_0_hightown_a2,207,2.42480000,80.78165057,3
ht_0_hightown_a2,208,1.50840000,77.03120694,6
ht_0_hightown_a2,209,2.62500000,80.71185143,4
ht_0_hightown_a2,210,2.20840000,85.24265741,4
ht_0_hightown_a2,211,2.56700000,86.08149937,4
ht_0_hightown_a2,212,2.63360000,84.64060483,8
ht_0_hightown_a2,213,0.98360000,87.36704184,2
ht_0_hightown_a2,214,2.91660000,82.33024804,6
ht_0_hightown_a2,215,2.48320000,86.95748765,9
ht_0_hightown_a2,216,2.97480000,88.39944364,7
ht_0_hightown_a2,217,3.40000000,83.12482599,5
ht_0_hightown_a2,218,2.67540000,82.23066606,5
ht_0_hightown_a2,219,4.05020000,86.24127678,4
ht_0_hightown_a2,220,1.92500000,87.14063116,5
ht_0_hightown_a2,221,2.70840000,87.85397148,9
ht_0_hightown_a2,222,2.73340000,88.46037222,5
ht_0_hightown_a2,223,2.50840000,89.87424050,6
ht_0_hightown_a2,224,1.01680000,90.19977827,2
ht_0_hightown_a2,225,1.90000000,89.40807696,5
ht_0_hightown_a2,226,2.19160000,85.16927152,4
ht_0_hightown_a2,227,2.33340000,88.27464325,8
ht_0_hightown_a2,228,3.74180000,91.11761927,3
ht_0_hightown_a2,229,2.39160000,88.47895190,6
ht_0_hightown_a2,230,2.30840000,88.14132845,5
ht_0_hightown_a2,231,2.91660000,90.73144059,6
ht_0_hightown_a2,232,1.83320000,89.93603591,4
ht_0_hightown_a2,233,1.69160000,94.31238178,8
ht_0_hightown_a2,234,2.65840000,92.69503286,4
ht_0_hightown_a2,235,3.30820000,92.76553814,11
ht_0_hightown_a2,236,2.95800000,95.39119345,3
ht_0_hightown_a2,237,2.31660000,93.44091857,6
ht_0_hightown_a2,238,2.65840000,93.37713958,12
ht_0_hightown_a2,239,3.40820000,94.41059385,7
ht_0_hightown_a2,240,2.60020000,98.14016958,3
ht_0_hightown_a2,241,2.93320000,97.50272094,4
ht_0_hightown_a2,242,2.98340000,96.18299290,4
ht_0_hightown_a2,243,2.69160000,96.26871909,8
ht_0_hightown_a2,244,1.28320000,100.31948963,2
ht_0_hightown_a2,245,2.34980000,96.69263287,4
ht_0_hightown_a2,246,0.96640000,95.18928511,2
ht_0_hightown_a2,247,2.49160000,96.01731640,7
ht_0_hightown_a2,248,2.78360000,95.22540799,4
ht_0_hightown_a2,249,3.08360000,93.92989113,9
ht_0_hightown_a2,250,3.10000000,102.31350477,11
ht_0_hightown_a2,251,2.71680000,99.18790058,9
ht_0_hightown_a2,252,4.84200000,104.42742094,9
ht_0_hightown_a2,253,2.22520000,101.52098900,4
ht_0_hightown_a2,254,2.89180000,100.84681837,5
ht_0_hightown_a2,255,5.30820000,100.76661676,4
ht_0_hightown_a2,256,2.26660000,97.45528705,5
ht_0_hightown_a2,257,2.07500000,98.97672164,7
ht_0_hightown_a2,258,2.42480000,98.65216379,3
ht_0_hightown_a2,259,2.92480000,98.04756822,5
ht_0_hightown_a2,260,3.04140000,100.96903864,9
ht_0_hightown_a2,261,2.61660000,106.79144333,6
ht_0_hightown_a2,262,2.94160000,102.03672523,8
ht_0_hightown_a2,263,2.37500000,103.31159166,5
ht_0_hightown_a2,264,2.46640000,100.55812566,6
ht_0_hightown_a2,265,1.63340000,105.62423758,7
ht_0_hightown_a2,266,2.39180000,99.96043729,5
ht_0_hightown_a2,267,3.24140000,102.70583611,4
ht_0_hightown_a2,268,2.50820000,104.66372975,3
ht_0_hightown_a2,269,2.68300000,100.27350687,8
ht_0_hightown_a2,270,3.54160000,106.49675230,7
ht_0_hightown_a2,271,2.62500000,106.87142556,5
ht_0_hightown_a2,272,2.62520000,106.41126279,3
ht_0_hightown_a2,273,2.96680000,111.72426963,5
ht_0_hightown_a2,274,2.58300000,109.62590113,4
ht_0_hightown_a2,275,1.98320000,105.67335189,5
ht_0_hightown_a2,276,4.11660000,108.93930986,7
ht_0_hightown_a2,277,2.58320000,105.80762324,6
ht_0_hightown_a2,278,2.36680000,108.39579858,8
ht_0_hightown_a2,279,3.08340000,104.63341197,6
ht_0_hightown_a2,280,3.26660000,109.36510610,6
ht_0_hightown_a2,281,2.38340000,112.16673070,9
ht_0_hightown_a2,282,2.40820000,110.58557946,7
ht_0_hightown_a2,283,2.98340000,110.63459828,7
ht_0_hightown_a2,284,2.82500000,112.15057384,6
ht_0_hightown_a2,285,2.61680000,112.40022498,8
ht_0_hightown_a2,286,1.94180000,107.88984718,10
ht_0_hightown_a2,287,3.22500000,111.11904315,6
ht_0_hightown_a2,288,2.80820000,108.29883965,6
ht_0_hightown_a2,289,2.10000000,114.55121424,8
ht_0_hightown_a2,290,3.92480000,116.68519923,8
ht_0_hightown_a2,291,1.79140000,117.72090940,4
ht_0_hightown_a2,292,2.04160000,115.36347255,9
ht_0_hightown_a2,293,2.50820000,118.76918360,11
ht_0_hightown_a2,294,1.70000000,118.77711622,6
ht_0_hightown_a2,295,1.86660000,113.89203199,8
ht_0_hightown_a2,296,2.52480000,117.68991033,5
ht_0_hightown_a2,297,1.70840000,112.31332461,6
ht_0_hightown_a2,298,2.55860000,114.97537055,6
ht_0_hightown_a2,299,2.15840000,117.65364572,7
ht_0_hightown_a2,300,1.94160000,119.19042243,4
ht_0_hightown_a2,301,3.45860000,118.00179757,7
ht_0_hightown_a2,302,2.01640000,121.45753545,6
ht_0_hightown_a2,303,2.87480000,119.22020958,7
ht_0_hightown_a2,304,2.09960000,117.37232847,3
ht_0_hightown_a2,305,2.86680000,118.03787853,9
ht_0_hightown_a2,306,2.49200000,124.20294954,12
ht_0_hightown_a2,307,2.67500000,116.54736218,8
ht_0_hightown_a2,308,2.74960000,117.49612110,8
ht_0_hightown_a2,309,1.53320000,116.22603028,7
ht_0_hightown_a2,310,2.57520000,122.83586078,6
ht_0_hightown_a2,311,2.30000000,126.04892846,4
ht_0_hightown_a2,312,2.02480000,124.89582147,4
ht_0_hightown_a2,313,2.60800000,121.69666009,6
ht_0_hightown_a2,314,3.61660000,127.43973150,5
ht_0_hightown_a2,315,2.60000000,120.85422988,6
ht_0_hightown_a2,316,3.19200000,123.60480809,8
ht_0_hightown_a2,317,2.59180000,121.93399180,6
ht_0_hightown_a2,318,3.21660000,122.53290712,7
ht_0_hightown_a2,319,3.40840000,124.06769569,8
ht_0_hightown_a2,320,2.51700000,131.39757585,4
ht_0_hightown_a2,321,2.45020000,130.86587139,8
ht_0_hightown_a2,322,2.20840000,124.69557958,8
ht_0_hightown_a2,323,5.04160000,129.45162135,11
ht_0_hightown_a2,324,1.77500000,128.82867776,7
ht_0_hightown_a2,325,1.85840000,125.69207425,5
ht_0_hightown_a2,326,2.62540000,126.90996598,3
ht_0_hightown_a2,327,2.59200000,127.41397904,6
ht_0_hightown_a2,328,2.44160000,127.67137299,7
ht_0_hightown_a2,329,3.16680000,127.89463865,8
ht_0_hightown_a2,330,2.63360000,126.83004552,7
ht_0_hightown_a2,331,2.54160000,131.50486418,4
ht_0_hightown_a2,332,2.15000000,132.75441169,6
ht_0_hightown_a2,333,2.63320000,133.13060098,15
ht_0_hightown_a2,334,2.97480000,130.30391582,8
ht_0_hightown_a2,335,2.42500000,126.96895671,9
ht_0_hightown_a2,336,2.53340000,129.28603960,8
ht_0_hightown_a2,337,2.40840000,127.80577966,8
ht_0_hightown_a2,338,1.89140000,131.79452400,7
ht_0_hightown_a2,339,2.60800000,128.21753355,6
ht_0_hightown_a2,340,2.04160000,134.76786608,9
ht_0_hightown_a2,341,2.81680000,131.85984424,10
ht_0_hightown_a2,342,3.80840000,140.78859410,4
ht_0_hightown_a2,343,1.93340000,135.21331625,8
ht_0_hightown_a2,344,2.90000000,131.60173509,6
ht_0_hightown_a2,345,3.54160000,132.16355814,7
ht_0_hightown_a2,346,2.79980000,134.02584922,9
ht_0_hightown_a2,347,2.91660000,133.32087791,10
ht_0_hightown_a2,348,2.48320000,136.57123711,5
ht_0_hightown_a2,349,2.87500000,134.92797625,4
ht_0_hightown_a2,350,2.32480000,135.07784659,6
ht_0_hightown_a2,351,2.20820000,134.52103303,7
ht_0_hightown_a2,352,3.04160000,139.98543833,7
ht_0_hightown_a2,353,2.20860000,137.44602480,8
ht_0_hightown_a2,354,2.94180000,139.19534222,7
ht_0_hightown_a2,355,2.03360000,140.07178841,6
ht_0_hightown_a2,356,4.06660000,138.48682406,6
ht_0_hightown_a2,357,2.65840000,136.62734555,8
ht_0_hightown_a2,358,2.75840000,139.26319315,9
ht_0_hightown_a2,359,3.05000000,136.56436679,7
ht_0_hightown_a2,360,1.53320000,137.74348551,5
ht_0_hightown_a2,361,2.16660000,139.65756254,7
ht_0_hightown_a2,362,2.23340000,141.14629859,12
ht_0_hightown_a2,363,3.25800000,140.19331828,5
ht_0_hightown_a2,364,2.43320000,143.19763210,7
ht_0_hightown_a2,365,3.00000000,143.44638395,6
ht_0_hightown_a2,366,3.28320000,143.58076042,4
ht_0_hightown_a2,367,3.10820000,141.31150654,13
ht_0_hightown_a2,368,2.56680000,140.48123760,5
ht_0_hightown_a2,369,3.02520000,140.30146352,7
ht_0_hightown_a2,370,2.82520000,143.73373370,13
ht_0_hightown_a2,371,1.69200000,142.74335722,9
ht_0_hightown_a2,372,3.44980000,150.58835570,5
ht_0_hightown_a2,373,2.42520000,151.07501136,8
ht_0_hightown_a2,374,2.15000000,144.03048537,8
ht_0_hightown_a2,375,2.57500000,142.92312135,6
ht_0_hightown_a2,376,2.69980000,147.91136509,6
ht_0_hightown_a2,377,4.00820000,144.32660468,12
ht_0_hightown_a2,378,2.31640000,141.97985764,7
ht_0_hightown_a2,379,2.64160000,141.32867111,4
ht_0_hightown_a2,380,3.15020000,149.04814892,8
ht_0_hightown_a2,381,2.75820000,153.40220836,12
ht_0_hightown_a2,382,1.45840000,147.88214095,5
ht_0_hightown_a2,383,2.66660000,150.06865950,6
ht_0_hightown_a2,384,2.06680000,150.40481285,15
ht_0_hightown_a2,385,2.66640000,148.40171089,10
ht_0_hightown_a2,386,2.81680000,150.28462573,7
ht_0_hightown_a2,387,2.19180000,147.79836428,9
ht_0_hightown_a2,388,2.19200000,150.98331314,10
ht_0_hightown_a2,389,3.54160000,148.29953416,6
ht_0_hightown_a2,390,2.25800000,151.61228874,4
ht_0_hightown_a2,391,2.49140000,153.11554351,10
ht_0_hightown_a2,392,1.94160000,152.16428200,7
ht_0_hightown_a2,393,3.42520000,152.75107009,13
ht_0_hightown_a2,394,1.79160000,149.24504347,4
ht_0_hightown_a2,395,1.79160000,153.94416377,6
ht_0_hightown_a2,396,3.13320000,153.47937835,3
ht_0_hightown_a2,397,2.54160000,153.69444257,8
ht_0_hightown_a2,398,2.73360000,154.90909031,6
ht_0_hightown_a2,399,4.02540000,152.19118866,11
ht_0_hightown_a2,400,2.66660000,155.60703188,6
ht_0_hightown_a2,401,2.79180000,158.87380571,14
ht_0_hightown_a2,402,1.51680000,155.98112082,4
ht_0_hightown_a2,403,2.79180000,162.13963749,9
ht_0_hightown_a2,404,2.97520000,159.17391886,10
ht_0_hightown_a2,405,2.06680000,154.60343294,7
ht_0_hightown_a2,406,2.74160000,154.25078738,13
ht_0_hightown_a2,407,2.24180000,160.53671241,8
ht_0_hightown_a2,408,3.45820000,157.49510354,9
ht_0_hightown_a2,409,2.11660000,154.52200112,7
ht_0_hightown_a2,410,2.94160000,161.07415643,7
ht_0_hightown_a2,411,2.56660000,160.54349704,10
ht_0_hightown_a2,412,3.53320000,162.31276560,9
ht_0_hightown_a2,413,3.10000000,155.62652183,9
ht_0_hightown_a2,414,3.29180000,160.89778734,5
ht_0_hightown_a2,415,3.01700000,156.14132353,9
ht_0_hightown_a2,416,3.45000000,165.07849653,9
ht_0_hightown_a2,417,3.12500000,160.48009852,7
ht_0_hightown_a2,418,2.77500000,161.97215392,8
ht_0_hightown_a2,419,2.68320000,160.53401920,7
ht_0_hightown_a2,420,3.32520000,166.62229008,4
ht_0_hightown_a2,421,3.08340000,162.25215103,6
ht_0_hightown_a2,422,2.74180000,165.66211094,8
ht_0_hightown_a2,423,2.39180000,161.87155473,9
ht_0_hightown_a2,424,2.91660000,163.37702068,8
ht_0_hightown_a2,425,3.27480000,169.13768310,6
ht_0_hightown_a2,426,2.80020000,163.41319049,11
ht_0_hightown_a2,427,3.39180000,167.43388372,4
ht_0_hightown_a2,428,2.64180000,164.23009604,9
ht_0_hightown_a2,429,3.02480000,166.00204103,7
ht_0_hightown_a2,430,2.77480000,164.81698202,9
ht_0_hightown_a2,431,1.90840000,167.57845590,7
ht_0_hightown_a2,432,3.06640000,165.09859645,7
ht_0_hightown_a2,433,2.69160000,172.95315989,4
ht_0_hightown_a2,434,2.77480000,168.60696545,11
ht_0_hightown_a2,435,2.20860000,169.74558324,9
ht_0_hightown_a2,436,3.19180000,165.45754816,6
ht_0_hightown_a2,437,2.54160000,171.19704858,9
ht_0_hightown_a2,438,2.39140000,165.76670080,8
ht_0_hightown_a2,439,2.89180000,173.18416479,9
ht_0_hightown_a2,440,1.61680000,169.38628329,8
ht_0_hightown_a2,441,2.15000000,176.05253394,8
ht_0_hightown_a2,442,3.03320000,169.99765369,9
ht_0_hightown_a2,443,2.40000000,172.22252858,11
ht_0_hightown_a2,444,2.14180000,170.45514640,7
ht_0_hightown_a2,445,2.30000000,172.01082202,9
ht_0_hightown_a2,446,2.05840000,171.34442134,8
ht_0_hightown_a2,447,2.29160000,171.50933029,12
ht_0_hightown_a2,448,2.95020000,168.52395571,9
ht_0_hightown_a2,449,2.17500000,170.14499574,8
ht_0_hightown_a2,450,2.41620000,173.33949795,13
ht_0_hightown_a2,451,2.66640000,176.88174615,13
ht_0_hightown_a2,452,2.76680000,173.70467315,10
ht_0_hightown_a2,453,2.26700000,177.53993966,8
ht_0_hightown_a2,454,3.15000000,178.12797432,6
ht_0_hightown_a2,455,3.00000000,174.21975487,11
ht_0_hightown_a2,456,3.25840000,170.89555272,13
ht_0_hightown_a2,457,1.32520000,173.60419132,8
ht_0_hightown_a2,458,2.71640000,177.98132371,10
ht_0_hightown_a2,459,2.49140000,177.28549506,9
ht_0_hightown_a2,460,2.10860000,182.58763620,5
ht_0_hightown_a2,461,2.28360000,176.48460897,11
ht_0_hightown_a2,462,1.90020000,186.58318679,10
ht_0_hightown_a2,463,2.64160000,178.20927944,11
ht_0_hightown_a2,464,2.26660000,181.81297411,5
ht_0_hightown_a2,465,2.56640000,177.54586169,8
ht_0_hightown_a2,466,3.27500000,182.16859150,6
ht_0_hightown_a2,467,3.02500000,181.19511788,7
ht_0_hightown_a2,468,1.85860000,182.41227427,7
ht_0_hightown_a2,469,3.02500000,178.42749973,7
ht_0_hightown_a2,470,2.30000000,180.84669128,10
ht_0_hightown_a2,471,2.47500000,181.79791033,7
ht_0_hightown_a2,472,1.88380000,182.49894868,10
ht_0_hightown_a2,473,3.17480000,180.69132758,12
ht_0_hightown_a2,474,2.74980000,185.90749158,8
ht_0_hightown_a2,475,2.65000000,182.63528456,11
ht_0_hightown_a2,476,2.11640000,185.98145754,5
ht_0_hightown_a2,477,2.94200000,187.27731850,10
ht_0_hightown_a2,478,3.43320000,182.69611925,10
ht_0_hightown_a2,479,3.74140000,181.62440850,9
ht_0_hightown_a2,480,4.90840000,189.54017308,9
ht_0_hightown_a2,481,3.35840000,191.75284114,8
ht_0_hightown_a2,482,2.33320000,187.13645352,9
ht_0_hightown_a2,483,2.01660000,186.92171629,10
ht_0_hightown_a2,484,2.26660000,187.98577510,9
ht_0_hightown_a2,485,2.80020000,187.67487989,5
ht_0_hightown_a2,486,2.81680000,190.21206628,10
ht_0_hightown_a2,487,2.52500000,190.99532301,9
ht_0_hightown_a2,488,1.71680000,187.52877732,7
ht_0_hightown_a2,489,3.00020000,183.72731152,5
ht_0_hightown_a2,490,3.02500000,189.66103356,7
ht_0_hightown_a2,491,2.92520000,192.86426136,10
ht_0_hightown_a2,492,2.66660000,185.44321002,9
ht_0_hightown_a2,493,1.95000000,187.89566508,8
ht_0_hightown_a2,494,2.94180000,186.37808731,7
ht_0_hightown_a2,495,2.35840000,189.84319750,10
ht_0_hightown_a2,496,2.41660000,184.93062732,11
ht_0_hightown_a2,497,2.48340000,187.25190906,11
ht_0_hightown_a2,498,2.36680000,196.52039183,8
ht_0_hightown_a2,499,2.24980000,190.61126826,11
ht_0_hightown_a2,500,2.56640000,195.26544225,11
ht_0_hightown_a2,501,1.99160000,201.54409583,9
ht_0_hightown_a2,502,2.15040000,199.12450878,3
ht_0_hightown_a2,503,1.66700000,198.34495383,8
ht_0_hightown_a2,504,3.34180000,198.58997872,7
ht_0_hightown_a2,505,2.43340000,197.72233047,12
ht_0_hightown_a2,506,2.66660000,196.22890758,11
ht_0_hightown_a2,507,4.39160000,195.60247301,6
ht_0_hightown_a2,508,2.89160000,194.26592478,7
ht_0_hightown_a2,509,2.29980000,190.53976901,9
ht_0_hightown_a2,510,2.14200000,193.74234635,9
ht_0_hightown_a2,511,3.14200000,195.33582784,6
ht_0_hightown_a2,512,2.35840000,199.52278348,8
ht_0_hightown_a2,513,2.31640000,194.12621525,14
ht_0_hightown_a2,514,2.74160000,197.65474303,11
ht_0_hightown_a2,515,2.67480000,198.69095905,3
ht_0_hightown_a2,516,3.75000000,196.38416245,12
ht_0_hightown_a2,517,2.42520000,197.67061270,13
ht_0_hightown_a2,518,2.47480000,199.09410295,8
ht_0_hightown_a2,519,2.60840000,199.10331979,9
ht_0_hightown_a2,520,2.86680000,201.75979175,5
ht_0_hightown_a2,521,3.60000000,204.97803114,12
ht_0_hightown_a2,522,2.97500000,204.13645220,8
ht_0_hightown_a2,523,2.64980000,203.32101031,11
ht_0_hightown_a2,524,2.22480000,198.58381325,9
ht_0_hightown_a2,525,2.64140000,197.91459148,11
ht_0_hightown_a2,526,2.25840000,201.25922526,8
ht_0_hightown_a2,527,1.73340000,200.64164426,13
ht_0_hightown_a2,528,2.79180000,201.08608436,11
ht_0_hightown_a2,529,2.90000000,202.01809274,8
ht_0_hightown_a2,530,2.30840000,207.01739050,6
ht_0_hightown_a2,531,3.69160000,207.05910266,14
ht_0_hightown_a2,532,2.54160000,203.67834120,13
ht_0_hightown_a2,533,1.97500000,202.61819563,5
ht_0_hightown_a2,534,3.00020000,199.92261655,11
ht_0_hightown_a2,535,2.57500000,208.24827667,12
ht_0_hightown_a2,536,2.80000000,200.88892952,11
ht_0_hightown_a2,537,2.00820000,203.35618160,12
ht_0_hightown_a2,538,2.45820000,201.71643583,11
ht_0_hightown_a2,539,2.82500000,206.76409796,11
ht_0_hightown_a2,540,2.34160000,211.95923985,11
ht_0_hightown_a2,541,2.55000000,208.40945760,14
ht_0_hightown_a2,542,3.19160000,207.91581458,10
ht_0_hightown_a2,543,3.24140000,210.06564818,10
ht_0_hightown_a2,544,2.28320000,206.30463900,13
ht_0_hightown_a2,545,2.21660000,209.53200376,10
ht_0_hightown_a2,546,3.50820000,206.54189552,9
ht_0_hightown_a2,547,2.23340000,215.64630221,8
ht_0_hightown_a2,548,2.77500000,206.81373604,10
ht_0_hightown_a2,549,2.73300000,208.06478486,10
ht_0_hightown_a2,550,1.67520000,211.55212609,7
ht_0_hightown_a2,551,2.11680000,208.11926328,8
ht_0_hightown_a2,552,2.83340000,217.80811487,9
ht_0_hightown_a2,553,3.22500000,211.39113761,11
ht_0_hightown_a2,554,3.38360000,215.93213326,8
ht_0_hightown_a2,555,1.87500000,214.68720740,14
ht_0_hightown_a2,556,1.99160000,216.95903467,8
ht_0_hightown_a2,557,2.15860000,216.50334984,8
ht_0_hightown_a2,558,2.97520000,212.79183798,10
ht_0_hightown_a2,559,1.75840000,215.95793490,11
ht_0_hightown_a2,560,3.12480000,214.08436393,11
ht_0_hightown_a2,561,2.41700000,215.40203941,10
ht_0_hightown_a2,562,2.24180000,214.49388687,16
ht_0_hightown_a2,563,2.39180000,210.32730514,13
ht_0_hightown_a2,564,1.75000000,215.62057848,16
ht_0_hightown_a2,565,3.04180000,216.81509959,12
ht_0_hightown_a2,566,3.40000000,213.74886196,13
ht_0_hightown_a2,567,3.01680000,218.11299751,11
ht_0_hightown_a2,568,2.60820000,219.41645570,5
ht_0_hightown_a2,569,2.30000000,213.26774859,13
ht_0_hightown_a2,570,2.92500000,219.76026819,11
ht_0_hightown_a2,571,2.02480000,217.37995399,12
ht_0_hightown_a2,572,2.57500000,224.08829101,10
ht_0_hightown_a2,573,2.19160000,217.54053977,9
ht_0_hightown_a2,574,2.11660000,225.45729269,8
ht_0_hightown_a2,575,2.94160000,226.68007134,5
ht_0_hightown_a2,576,2.46660000,219.97256199,8
ht_0_hightown_a2,577,3.22540000,219.35216149,11
ht_0_hightown_a2,578,2.87520000,219.54994301,15
ht_0_hightown_a2,579,1.62500000,227.32956947,13
ht_0_hightown_a2,580,2.34180000,229.32114881,11
ht_0_hightown_a2,581,3.38320000,227.57013682,6
ht_0_hightown_a2,582,2.89140000,222.53678740,16
ht_0_hightown_a2,583,3.40820000,227.36328861,12
ht_0_hightown_a2,584,2.91680000,221.20084845,12
ht_0_hightown_a2,585,1.82500000,223.07200683,9
ht_0_hightown_a2,586,2.98300000,226.63414524,13
ht_0_hightown_a2,587,1.89980000,225.19280433,12
ht_0_hightown_a2,588,2.45860000,221.63487241,9
ht_0_hightown_a2,589,1.36660000,220.73474806,8
ht_0_hightown_a2,590,1.61680000,227.11468703,13
ht_0_hightown_a2,591,2.70840000,230.89097188,11
ht_0_hightown_a2,592,2.64140000,223.52094751,9
ht_0_hightown_a2,593,1.93320000,228.89107203,10
ht_0_hightown_a2,594,2.34960000,231.23223818,8
ht_0_hightown_a2,595,2.22500000,227.33475322,9
ht_0_hightown_a2,596,1.95000000,230.65934418,8
ht_0_hightown_a2,597,2.23320000,221.94069223,10
ht_0_hightown_a2,598,1.99140000,227.76346509,11
ht_0_hightown_a2,599,1.84200000,230.46275940,10
ht_0_hightown_a2,600,2.53320000,243.62032844,7
ht_0_hightown_a2,601,1.79980000,229.84099262,11
ht_0_hightown_a2,602,1.82480000,233.28010635,12
ht_0_hightown_a2,603,2.69160000,233.27007135,12
ht_0_hightown_a2,604,2.04960000,237.77983108,8
ht_0_hightown_a2,605,3.14140000,230.04729140,17
ht_0_hightown_a2,606,2.70020000,229.67144386,13
ht_0_hightown_a2,607,1.73320000,230.77626069,13
ht_0_hightown_a2,608,2.55820000,227.51962415,11
ht_0_hightown_a2,609,1.74180000,232.43974607,11
ht_0_hightown_a2,610,1.76680000,237.70097343,8
ht_0_hightown_a2,611,2.20840000,235.23096189,14
ht_0_hightown_a2,612,1.76660000,234.76474010,13
ht_0_hightown_a2,613,2.49160000,233.66967628,9
ht_0_hightown_a2,614,3.35000000,235.83824622,13
ht_0_hightown_a2,615,2.60000000,240.47419497,8
ht_0_hightown_a2,616,2.70000000,232.47985250,8
ht_0_hightown_a2,617,2.92480000,236.02264513,13
ht_0_hightown_a2,618,1.80860000,235.82772507,12
ht_0_hightown_a2,619,2.51680000,231.62447056,12
ht_0_hightown_a2,620,1.71660000,239.16748791,14
ht_0_hightown_a2,621,2.60860000,236.44423335,14
ht_0_hightown_a2,622,2.56680000,241.77654249,11
ht_0_hightown_a2,623,3.52480000,242.83622424,9
ht_0_hightown_a2,624,3.15860000,240.65619805,12
ht_0_hightown_a2,625,1.98320000,241.07383599,11
ht_0_hightown_a2,626,2.09140000,236.74846651,9
ht_0_hightown_a2,627,2.57480000,237.80616363,11
ht_0_hightown_a2,628,2.56660000,236.26229269,7
ht_0_hightown_a2,629,1.72520000,239.64873422,8
ht_0_hightown_a2,630,2.30000000,247.98222597,13
ht_0_hightown_a2,631,3.04180000,239.85461455,17
ht_0_hightown_a2,632,2.02520000,241.26355139,13
ht_0_hightown_a2,633,3.05840000,249.56782929,5
ht_0_hightown_a2,634,2.35020000,241.54805810,10
ht_0_hightown_a2,635,2.65000000,244.75505066,17
ht_0_hightown_a2,636,1.61680000,247.19477628,14
ht_0_hightown_a2,637,2.25020000,245.63176657,11
ht_0_hightown_a2,638,2.20020000,242.59668356,6
ht_0_hightown_a2,639,2.55820000,243.60097216,11
ht_0_hightown_a2,640,2.17500000,242.65902448,14
ht_0_hightown_a2,641,2.15820000,248.26786721,12
ht_0_hightown_a2,642,2.06660000,244.50328314,6
ht_0_hightown_a2,643,2.40000000,245.35074489,9
ht_0_hightown_a2,644,2.73340000,246.33695267,12
ht_0_hightown_a2,645,2.73300000,249.34877113,13
ht_0_hightown_a2,646,1.46640000,247.47389693,12
ht_0_hightown_a2,647,1.88340000,245.86734948,7
ht_0_hightown_a2,648,2.40840000,247.28312424,11
ht_0_hightown_a2,649,1.95000000,250.99268122,10
ht_0_hightown_a2,650,3.25820000,256.79434638,10
ht_0_hightown_a2,651,3.37500000,252.21322074,11
ht_0_hightown_a2,652,2.39180000,245.61277678,13
ht_0_hightown_a2,653,1.57480000,246.73090672,12
ht_0_hightown_a2,654,2.51660000,249.21410866,7
ht_0_hightown_a2,655,1.69980000,253.68441620,11
ht_0_hightown_a2,656,1.74180000,251.92459291,6
ht_0_hightown_a2,657,2.25020000,254.30229803,11
ht_0_hightown_a2,658,1.96680000,250.08129824,11
ht_0_hightown_a2,659,1.85820000,245.85824968,12
ht_0_hightown_a2,660,2.68300000,252.30340840,8
ht_0_hightown_a2,661,2.44180000,260.90387016,11
ht_0_hightown_a2,662,1.78340000,249.35266376,12
ht_0_hightown_a2,663,2.51660000,250.92958795,10
ht_0_hightown_a2,664,3.01660000,253.47023412,15
ht_0_hightown_a2,665,3.34980000,251.32378749,10
ht_0_hightown_a2,666,2.64160000,260.12849874,9
ht_0_hightown_a2,667,1.80000000,258.81952779,10
ht_0_hightown_a2,668,2.48320000,251.01179115,10
ht_0_hightown_a2,669,3.68340000,252.88273108,11
ht_0_hightown_a2,670,3.23300000,259.95621154,11
ht_0_hightown_a2,671,2.59180000,257.35179464,10
ht_0_hightown_a2,672,1.87520000,254.93985578,12
ht_0_hightown_a2,673,2.52500000,259.23973145,11
ht_0_hightown_a2,674,2.31660000,260.78887763,11
ht_0_hightown_a2,675,2.99180000,255.75175051,12
ht_0_hightown_a2,676,3.11640000,264.86482638,11
ht_0_hightown_a2,677,2.50840000,252.15956400,16
ht_0_hightown_a2,678,1.89180000,258.05635558,11
ht_0_hightown_a2,679,2.62520000,258.82769601,19
ht_0_hightown_a2,680,2.21660000,262.42088757,12
ht_0_hightown_a2,681,3.05820000,265.82324953,14
ht_0_hightown_a2,682,2.59180000,262.91231386,12
ht_0_hightown_a2,683,2.02500000,266.18062719,11
ht_0_hightown_a2,684,2.10820000,254.34958066,11
ht_0_hightown_a2,685,2.72520000,267.09517492,13
ht_0_hightown_a2,686,2.82480000,262.05501155,15
ht_0_hightown_a2,687,1.43340000,257.51897809,14
ht_0_hightown_a2,688,2.39180000,268.19984938,11
ht_0_hightown_a2,689,1.98340000,260.87948480,12
ht_0_hightown_a2,690,2.19180000,261.26503578,14
ht_0_hightown_a2,691,3.35000000,269.99263978,8
ht_0_hightown_a2,692,2.30020000,270.78070449,15
ht_0_hightown_a2,693,2.35820000,265.82988030,15
ht_0_hightown_a2,694,3.40840000,264.17251292,13
ht_0_hightown_a2,695,2.68340000,265.48313617,14
ht_0_hightown_a2,696,2.25840000,266.26836887,9
ht_0_hightown_a2,697,2.45820000,266.72553316,14
ht_0_hightown_a2,698,2.32500000,266.93657504,14
ht_0_hightown_a2,699,2.75840000,263.60788309,16
ht_0_hightown_a2,700,2.95820000,269.64323650,16
ht_0_hightown_a2,701,2.60840000,265.11053267,7
ht_0_hightown_a2,702,2.32500000,274.40158824,7
ht_0_hightown_a2,703,3.95000000,279.88107875,9
ht_0_hightown_a2,704,1.81680000,273.99159290,13
ht_0_hightown_a2,705,3.00000000,273.19003946,10
ht_0_hightown_a2,706,2.12500000,266.01196238,10
ht_0_hightown_a2,707,2.05880000,270.36537208,13
ht_0_hightown_a2,708,3.39160000,269.17222407,11
ht_0_hightown_a2,709,1.58360000,272.23298118,9
ht_0_hightown_a2,710,2.53360000,278.33909817,14
ht_0_hightown_a2,711,2.05820000,274.31878411,16
ht_0_hightown_a2,712,3.42480000,272.84642562,11
ht_0_hightown_a2,713,1.76660000,271.08905719,14
ht_0_hightown_a2,714,2.96680000,270.96367961,18
ht_0_hightown_a2,715,1.54980000,273.86287427,14
ht_0_hightown_a2,716,1.44160000,272.49404582,9
ht_0_hightown_a2,717,2.33340000,283.15426663,5
ht_0_hightown_a2,718,2.61680000,281.07563951,15
ht_0_hightown_a2,719,1.47500000,273.47030768,9
ht_0_hightown_a2,720,1.65840000,281.49472123,17
ht_0_hightown_a2,721,2.34180000,282.07465485,18
ht_0_hightown_a2,722,2.80840000,277.54529194,15
ht_0_hightown_a2,723,1.90020000,277.90918323,13
ht_0_hightown_a2,724,2.35020000,275.05019346,12
ht_0_hightown_a2,725,1.86660000,281.53427237,18
ht_0_hightown_a2,726,3.03340000,273.64800739,10
ht_0_hightown_a2,727,2.24180000,283.44383805,16
ht_0_hightown_a2,728,1.10020000,276.21738813,10
ht_0_hightown_a2,729,2.25020000,281.94666560,13
ht_0_hightown_a2,730,3.50820000,284.99923964,11
ht_0_hightown_a2,731,3.30820000,293.61772998,7
ht_0_hightown_a2,732,2.60000000,275.43858783,23
ht_0_hightown_a2,733,3.20020000,282.00553775,11
ht_0_hightown_a2,734,1.83320000,282.60185522,14
ht_0_hightown_a2,735,2.25840000,280.37697806,11
ht_0_hightown_a2,736,2.45840000,284.18924473,8
ht_0_hightown_a2,737,2.88320000,286.29258898,18
ht_0_hightown_a2,738,1.88320000,279.43058557,13
ht_0_hightown_a2,739,1.38340000,283.13979271,10
ht_0_hightown_a2,740,1.99140000,287.12868128,12
ht_0_hightown_a2,741,2.32520000,284.17449653,16
ht_0_hightown_a2,742,1.88320000,282.49210225,8
ht_0_hightown_a2,743,2.51680000,292.60801745,12
ht_0_hightown_a2,744,2.10820000,286.28364921,13
ht_0_hightown_a2,745,1.72500000,284.78379784,9
ht_0_hightown_a2,746,2.43320000,284.55207012,9
ht_0_hightown_a2,747,2.14160000,291.22752035,16
ht_0_hightown_a2,748,2.90000000,288.53730453,14
ht_0_hightown_a2,749,2.32500000,293.70533335,9
ht_0_hightown_a2,750,2.35040000,286.62062517,12
ht_0_hightown_a2,751,2.04180000,290.23802866,9
ht_0_hightown_a2,752,1.40020000,286.09153923,10
ht_0_hightown_a2,753,2.81660000,287.98809274,8
ht_0_hightown_a2,754,2.42480000,295.14846350,8
ht_0_hightown_a2,755,1.79160000,293.02722818,17
ht_0_hightown_a2,756,2.40840000,294.13284566,11
ht_0_hightown_a2,757,2.01660000,287.28479678,14
ht_0_hightown_a2,758,3.34160000,292.30042030,11
ht_0_hightown_a2,759,1.95000000,288.55739762,11
ht_0_hightown_a2,760,2.76660000,292.81679249,15
ht_0_hightown_a2,761,1.46660000,289.29443456,14
ht_0_hightown_a2,762,2.00840000,290.41130119,13
ht_0_hightown_a2,763,2.26660000,291.22902139,12
ht_0_hightown_a2,764,2.08340000,295.39128406,15
ht_0_hightown_a2,765,1.92520000,296.35427991,15
ht_0_hightown_a2,766,1.44960000,295.14500947,17
ht_0_hightown_a2,767,2.34980000,295.24731975,13
ht_0_hightown_a2,768,3.15000000,300.50136932,10
ht_0_hightown_a2,769,2.51660000,290.74776766,11
ht_0_hightown_a2,770,3.59980000,301.71090609,10
ht_0_hightown_a2,771,2.50020000,292.42112966,14
ht_0_hightown_a2,772,2.12500000,293.34677365,13
ht_0_hightown_a2,773,1.29160000,299.17889190,13
ht_0_hightown_a2,774,2.81660000,293.90371552,11
ht_0_hightown_a2,775,2.17520000,293.80039240,8
ht_0_hightown_a2,776,1.73360000,298.59107917,13
ht_0_hightown_a2,777,2.58360000,293.36382558,11
ht_0_hightown_a2,778,1.94180000,298.30026212,10
ht_0_hightown_a2,779,1.72520000,298.06105253,9
ht_0_hightown_a2,780,2.33360000,299.18642161,11
ht_0_hightown_a2,781,1.89160000,295.26026336,13
ht_0_hightown_a2,782,2.47480000,299.52230558,16
ht_0_hightown_a2,783,2.76660000,298.86468218,15
ht_0_hightown_a2,784,2.60820000,298.68502114,12
ht_0_hightown_a2,785,3.59160000,293.13125873,15
ht_0_hightown_a2,786,1.70820000,297.92494226,14
ht_0_hightown_a2,787,2.19160000,305.12165597,17
ht_0_hightown_a2,788,1.89140000,298.14139110,15
ht_0_hightown_a2,789,2.82500000,304.36074227,14
ht_0_hightown_a2,790,2.20820000,300.23151233,11
ht_0_hightown_a2,791,1.83320000,306.63681772,14
ht_0_hightown_a2,792,2.10840000,304.20866793,10
ht_0_hightown_a2,793,1.92500000,302.88041489,16
ht_0_hightown_a2,794,1.87480000,304.14637331,15
ht_0_hightown_a2,795,2.46680000,299.42620323,12
ht_0_hightown_a2,796,2.46660000,305.87714152,9
ht_0_hightown_a2,797,2.11660000,305.92622904,17
ht_0_hightown_a2,798,1.80840000,301.38839940,18
ht_0_hightown_a2,799,2.20840000,299.42780714,17
ht_0_hightown_a2,800,1.63360000,315.33816152,18
ht_0_hightown_a2,801,2.78340000,306.22591837,19
ht_0_hightown_a2,802,2.10000000,307.06276215,12
ht_0_hightown_a2,803,2.12500000,310.23244684,12
ht_0_hightown_a2,804,2.45860000,308.66419843,11
ht_0_hightown_a2,805,2.15880000,303.42121532,9
ht_0_hightown_a2,806,1.85840000,305.19093091,10
ht_0_hightown_a2,807,1.31660000,309.36571744,12
ht_0_hightown_a2,808,1.74980000,310.92949373,19
ht_0_hightown_a2,809,1.57480000,304.79751727,13
ht_0_hightown_a2,810,2.71680000,312.91092919,16
ht_0_hightown_a2,811,2.17480000,313.37870316,13
ht_0_hightown_a2,812,2.86660000,318.93417954,8
ht_0_hightown_a2,813,1.75860000,311.43838970,8
ht_0_hightown_a2,814,2.28360000,307.77932532,12
ht_0_hightown_a2,815,2.95000000,314.91727944,12
ht_0_hightown_a2,816,2.23320000,310.08205031,14
ht_0_hightown_a2,817,2.69160000,311.20756595,10
ht_0_hightown_a2,818,2.08320000,315.92125757,12
ht_0_hightown_a2,819,1.79160000,310.92964438,15
ht_0_hightown_a2,820,1.78320000,312.29200925,17
ht_0_hightown_a2,821,2.25000000,313.22181270,11
ht_0_hightown_a2,822,2.60820000,314.96344723,18
ht_0_hightown_a2,823,2.14160000,312.94719776,8
ht_0_hightown_a2,824,1.74180000,320.00100002,11
ht_0_hightown_a2,825,1.75020000,317.93763642,10
ht_0_hightown_a2,826,2.10040000,316.04134223,15
ht_0_hightown_a2,827,2.69160000,312.89011891,17
ht_0_hightown_a2,828,1.90840000,319.84226152,12
ht_0_hightown_a2,829,1.30000000,314.00340449,11
ht_0_hightown_a2,830,2.05820000,323.26169710,15
ht_0_hightown_a2,831,1.54980000,315.76273948,16
ht_0_hightown_a2,832,2.77480000,313.57711375,12
ht_0_hightown_a2,833,3.13320000,322.27045711,11
ht_0_hightown_a2,834,4.14180000,315.19754951,16
ht_0_hightown_a2,835,2.30020000,316.32435678,16
ht_0_hightown_a2,836,1.76660000,320.29888500,15
ht_0_hightown_a2,837,1.85000000,330.20858551,7
ht_0_hightown_a2,838,1.89980000,315.28605637,16
ht_0_hightown_a2,839,1.72500000,315.34997040,14
ht_0_hightown_a2,840,1.39980000,328.10520573,14
ht_0_hightown_a2,841,2.70860000,333.62985146,7
ht_0_hightown_a2,842,1.62520000,323.38413728,10
ht_0_hightown_a2,843,3.38360000,331.85476693,7
ht_0_hightown_a2,844,2.19180000,320.11762541,15
ht_0_hightown_a2,845,1.62520000,322.60143266,14
ht_0_hightown_a2,846,2.20000000,316.18858139,13
ht_0_hightown_a2,847,1.35840000,317.05571069,12
ht_0_hightown_a2,848,1.46680000,326.46028628,16
ht_0_hightown_a2,849,1.62500000,325.07744002,16
ht_0_hightown_a2,850,3.07480000,329.11314326,13
ht_0_hightown_a2,851,2.07500000,327.86653869,13
ht_0_hightown_a2,852,1.65840000,324.60526533,17
ht_0_hightown_a2,853,2.50840000,326.01476567,16
ht_0_hightown_a2,854,2.31660000,328.73425073,15
ht_0_hightown_a2,855,2.45820000,325.76778711,15
ht_0_hightown_a2,856,2.64160000,330.97188223,13
ht_0_hightown_a2,857,1.87500000,325.57640284,12
ht_0_hightown_a2,858,2.01660000,328.74585060,13
ht_0_hightown_a2,859,1.86660000,329.69207194,14
ht_0_hightown_a2,860,2.19160000,335.50459247,13
ht_0_hightown_a2,861,2.22500000,323.88230132,9
ht_0_hightown_a2,862,2.45000000,328.54181717,17
ht_0_hightown_a2,863,2.05000000,327.06897683,12
ht_0_hightown_a2,864,1.84180000,331.72344021,11
ht_0_hightown_a2,865,2.29160000,334.21784065,13
ht_0_hightown_a2,866,1.99180000,329.82963909,18
ht_0_hightown_a2,867,2.22520000,324.65751230,13
ht_0_hightown_a2,868,2.22500000,337.10520727,14
ht_0_hightown_a2,869,2.01640000,331.13098072,16
ht_0_hightown_a2,870,1.69160000,333.57306018,17
ht_0_hightown_a2,871,1.81660000,337.90244723,14
ht_0_hightown_a2,872,1.97500000,337.21230801,11
ht_0_hightown_a2,873,1.86640000,332.62364681,13
ht_0_hightown_a2,874,2.34980000,337.33650618,13
ht_0_hightown_a2,875,1.68320000,327.73576970,15
ht_0_hightown_a2,876,2.10840000,333.28527875,14
ht_0_hightown_a2,877,3.13340000,335.55893522,13
ht_0_hightown_a2,878,2.16680000,332.19146288,12
ht_0_hightown_a2,879,2.20800000,334.84237476,14
ht_0_hightown_a2,880,2.22480000,335.37308651,16
ht_0_hightown_a2,881,2.49160000,342.71744054,14
ht_0_hightown_a2,882,1.84200000,334.74928382,15
ht_0_hightown_a2,883,1.44180000,338.65614847,14
ht_0_hightown_a2,884,2.73320000,344.38839518,11
ht_0_hightown_a2,885,2.68300000,345.12411310,7
ht_0_hightown_a2,886,1.30840000,341.17499790,9
ht_0_hightown_a2,887,2.35820000,334.19152861,8
ht_0_hightown_a2,888,1.70820000,332.33843615,16
ht_0_hightown_a2,889,2.36640000,340.78936379,8
ht_0_hightown_a2,890,2.40840000,341.06678298,16
ht_0_hightown_a2,891,2.02500000,339.51212504,15
ht_0_hightown_a2,892,1.55020000,339.44624132,20
ht_0_hightown_a2,893,1.99200000,346.39670767,15
ht_0_hightown_a2,894,2.30000000,338.23214112,15
ht_0_hightown_a2,895,2.29160000,352.81184667,17
ht_0_hightown_a2,896,2.42520000,340.25681893,15
ht_0_hightown_a2,897,2.45000000,347.75642057,10
ht_0_hightown_a2,898,2.30020000,340.23847072,14
ht_0_hightown_a2,899,2.19180000,339.48579300,16
ht_0_hightown_a2,900,2.54160000,343.07161757,12
ht_0_hightown_a2,901,1.31620000,343.92754734,13
ht_0_hightown_a2,902,1.99980000,343.55735569,11
ht_0_hightown_a2,903,2.59160000,347.34636701,13
ht_0_hightown_a2,904,1.87480000,344.76117242,13
ht_0_hightown_a2,905,1.73360000,343.88154710,11
ht_0_hightown_a2,906,2.49200000,350.11898105,16
ht_0_hightown_a2,907,1.39180000,347.88570603,13
ht_0_hightown_a2,908,3.11660000,346.76018796,15
ht_0_hightown_a2,909,1.39140000,345.32271140,18
ht_0_hightown_a2,910,1.58340000,347.59966427,15
ht_0_hightown_a2,911,1.55860000,351.22020150,15
ht_0_hightown_a2,912,1.97520000,346.13868151,14
ht_0_hightown_a2,913,1.39980000,345.75737545,17
ht_0_hightown_a2,914,2.33340000,348.30928779,9
ht_0_hightown_a2,915,2.89160000,347.48234908,12
ht_0_hightown_a2,916,2.15000000,350.12271724,12
ht_0_hightown_a2,917,1.36680000,351.31929888,14
ht_0_hightown_a2,918,2.73340000,351.99376340,14
ht_0_hightown_a2,919,1.30020000,348.11385028,12
ht_0_hightown_a2,920,1.18340000,343.99937463,19
ht_0_hightown_a2,921,1.84140000,352.36012067,9
ht_0_hightown_a2,922,2.07480000,346.72391559,11
ht_0_hightown_a2,923,1.30840000,351.40899219,16
ht_0_hightown_a2,924,2.20860000,351.07504513,14
ht_0_hightown_a2,925,1.90820000,353.32308504,14
ht_0_hightown_a2,926,1.94180000,348.48707468,16
ht_0_hightown_a2,927,1.37500000,347.04712920,14
ht_0_hightown_a2,928,1.46660000,358.99257586,13
ht_0_hightown_a2,929,2.13340000,351.23450771,13
ht_0_hightown_a2,930,1.39980000,358.08706685,14
ht_0_hightown_a2,931,2.16620000,356.31995984,14
ht_0_hightown_a2,932,2.02480000,353.77713309,15
ht_0_hightown_a2,933,2.12500000,355.74871189,14
ht_0_hightown_a2,934,1.78320000,350.28025849,9
ht_0_hightown_a2,935,2.05820000,350.45067778,11
ht_0_hightown_a2,936,2.33320000,358.43948441,12
ht_0_hightown_a2,937,2.61680000,354.08727948,11
ht_0_hightown_a2,938,1.73340000,356.15218024,11
ht_0_hightown_a2,939,1.80840000,355.75373514,10
ht_0_hightown_a2,940,2.06660000,360.99520787,15
ht_0_hightown_a2,941,2.34980000,362.56293673,20
ht_0_hightown_a2,942,2.04200000,356.98069408,16
ht_0_hightown_a2,943,3.17500000,361.73316379,14
ht_0_hightown_a2,944,2.01660000,356.50650251,14
ht_0_hightown_a2,945,2.20820000,357.51911350,19
ht_0_hightown_a2,946,3.38320000,369.44597928,10
ht_0_hightown_a2,947,2.60000000,356.62225139,15
ht_0_hightown_a2,948,2.69160000,357.37957070,14
ht_0_hightown_a2,949,2.43340000,359.29058534,14
ht_0_hightown_a2,950,2.51660000,365.39898252,14
ht_0_hightown_a2,951,1.57480000,368.10027743,11
ht_0_hightown_a2,952,2.31620000,363.47453693,12
ht_0_hightown_a2,953,2.54160000,362.67100575,15
ht_0_hightown_a2,954,2.25020000,359.56018210,16
ht_0_hightown_a2,955,1.80820000,366.49942742,15
ht_0_hightown_a2,956,2.09180000,362.28947340,15
ht_0_hightown_a2,957,1.88360000,367.28267951,14
ht_0_hightown_a2,958,1.86660000,362.36491942,10
ht_0_hightown_a2,959,1.89160000,361.18336964,15
ht_0_hightown_a2,960,2.70820000,364.89781976,18
ht_0_hightown_a2,961,1.94160000,364.31914099,11
ht_0_hightown_a2,962,1.46660000,366.92905128,10
ht_0_hightown_a2,963,1.87500000,364.64537302,12
ht_0_hightown_a2,964,1.60020000,369.32120224,10
ht_0_hightown_a2,965,2.15020000,366.57766358,18
ht_0_hightown_a2,966,1.43320000,369.01739866,12
ht_0_hightown_a2,967,1.85840000,365.67930721,14
ht_0_hightown_a2,968,2.46660000,366.69296215,14
ht_0_hightown_a2,969,1.75820000,364.05843396,9
ht_0_hightown_a2,970,1.89980000,372.08927022,16
ht_0_hightown_a2,971,1.90000000,372.63218808,16
ht_0_hightown_a2,972,1.62460000,373.21748875,18
ht_0_hightown_a2,973,1.94980000,371.20716489,10
ht_0_hightown_a2,974,2.07540000,368.98400492,14
ht_0_hightown_a2,975,1.97520000,367.21579952,16
ht_0_hightown_a2,976,1.81680000,373.13237425,9
ht_0_hightown_a2,977,1.80000000,370.70820148,12
ht_0_hightown_a2,978,2.60840000,369.24940065,16
ht_0_hightown_a2,979,2.84180000,367.53978865,14
ht_0_hightown_a2,980,2.10820000,374.91218617,18
ht_0_hightown_a2,981,2.00840000,369.80203791,9
ht_0_hightown_a2,982,1.94980000,374.20592250,12
ht_0_hightown_a2,983,2.24980000,372.87467410,13
ht_0_hightown_a2,984,2.15800000,370.39062540,12
ht_0_hightown_a2,985,1.89980000,380.87990971,14
ht_0_hightown_a2,986,2.87500000,382.90716798,11
ht_0_hightown_a2,987,1.72500000,371.00201510,11
ht_0_hightown_a2,988,1.30020000,371.97604812,16
ht_0_hightown_a2,989,1.75020000,374.15110503,17
ht_0_hightown_a2,990,1.25000000,377.21371009,10
ht_0_hightown_a2,991,2.15820000,378.07595669,15
ht_0_hightown_a2,992,2.76640000,376.04794739,12
ht_0_hightown_a2,993,2.52500000,374.40913971,16
ht_0_hightown_a2,994,1.46700000,385.12348130,13
ht_0_hightown_a2,995,2.33320000,383.85214946,15
ht_0_hightown_a2,996,1.98320000,374.39431390,11
ht_0_hightown_a2,997,2.18340000,376.32186540,14
ht_0_hightown_a2,998,1.91680000,375.82828162,15
ht_0_hightown_a2,999,1.78340000,371.52860485,10
ht_0_hightown_a2,1000,2.59160000,379.97909249,14
ht_0_hightown_a2,1001,3.63320000,383.36778482,17
ht_0_hightown_a2,1002,2.78340000,385.72738688,18
ht_0_hightown_a2,1003,1.75840000,382.23262433,15
ht_0_hightown_a2,1004,1.56660000,379.49906092,19
ht_0_hightown_a2,1005,2.39140000,381.52994549,14
ht_0_hightown_a2,1006,1.47480000,385.33182608,16
ht_0_hightown_a2,1007,2.14180000,380.64149929,16
ht_0_hightown_a2,1008,2.56680000,382.57409624,16
ht_0_hightown_a2,1009,1.89160000,385.69374739,14
ht_0_hightown_a2,1010,1.93360000,389.61874626,15
ht_0_hightown_a2,1011,2.17500000,395.37652353,12
ht_0_hightown_a2,1012,1.80840000,382.37714797,11
ht_0_hightown_a2,1013,2.11680000,386.07407626,16
ht_0_hightown_a2,1014,2.69140000,383.11660871,15
ht_0_hightown_a2,1015,2.21680000,397.17011032,12
ht_0_hightown_a2,1016,1.89180000,384.70009280,13
ht_0_hightown_a2,1017,2.07480000,386.08325461,12
ht_0_hightown_a2,1018,1.60880000,385.51605682,10
ht_0_hightown_a2,1019,1.45040000,390.02158973,15
ht_0_hightown_a2,1020,2.05840000,384.60829327,13
ht_0_hightown_a2,1021,1.71660000,387.78184514,15
ht_0_hightown_a2,1022,1.78320000,391.93956874,14
ht_0_hightown_a2,1023,1.65820000,387.69685363,16
ht_0_hightown_a2,1024,1.56680000,390.63038171,10
ht_0_hightown_a2,1025,2.70860000,385.48483501,13
ht_0_hightown_a2,1026,2.50000000,400.90721591,11
ht_0_hightown_a2,1027,1.96700000,389.69970940,13
ht_0_hightown_a2,1028,1.50820000,386.47035061,17
ht_0_hightown_a2,1029,2.52480000,387.97651241,9
ht_0_hightown_a2,1030,1.83340000,390.63134311,17
ht_0_hightown_a2,1031,3.60840000,395.31404414,22
ht_0_hightown_a2,1032,3.23320000,387.35170999,16
ht_0_hightown_a2,1033,1.59160000,390.54278768,16
ht_0_hightown_a2,1034,1.93360000,394.70169696,13
ht_0_hightown_a2,1035,1.54180000,396.70696975,11
ht_0_hightown_a2,1036,2.65020000,391.97008730,18
ht_0_hightown_a2,1037,2.00000000,387.99254406,17
ht_0_hightown_a2,1038,2.27520000,395.96706537,16
ht_0_hightown_a2,1039,2.33320000,395.61319016,17
ht_0_hightown_a2,1040,1.24180000,396.62186057,10
ht_0_hightown_a2,1041,2.00840000,396.22503980,13
ht_0_hightown_a2,1042,2.24180000,396.38537461,15
ht_0_hightown_a2,1043,1.35840000,400.61087376,15
ht_0_hightown_a2,1044,1.38340000,397.25277609,15
ht_0_hightown_a2,1045,2.35840000,393.46746544,17
ht_0_hightown_a2,1046,2.71660000,394.34205667,15
ht_0_hightown_a2,1047,2.20020000,410.18744556,11
ht_0_hightown_a2,1048,2.90860000,395.04729764,15
ht_0_hightown_a2,1049,1.54160000,391.64806014,9
ht_0_hightown_a2,1050,2.22500000,400.33299327,13
ht_0_hightown_a2,1051,1.84980000,395.67231617,10
ht_0_hightown_a2,1052,1.55000000,400.12744148,10
ht_0_hightown_a2,1053,1.63340000,396.57645796,11
ht_0_hightown_a2,1054,1.87500000,396.22464076,17
ht_0_hightown_a2,1055,1.72500000,400.09784612,10
ht_0_hightown_a2,1056,2.16660000,401.57304097,12
ht_0_hightown_a2,1057,2.69180000,399.10986854,16
ht_0_hightown_a2,1058,1.89180000,400.38674537,11
ht_0_hightown_a2,1059,2.34180000,399.07616092,14
ht_0_hightown_a2,1060,1.63340000,406.49281926,11
ht_0_hightown_a2,1061,1.69980000,400.96723812,12
ht_0_hightown_a2,1062,2.23340000,403.34859120,14
ht_0_hightown_a2,1063,2.02500000,415.16498476,12
ht_0_hightown_a2,1064,1.92520000,401.29462993,13
ht_0_hightown_a2,1065,2.24140000,402.07201097,17
ht_0_hightown_a2,1066,2.06660000,402.14173300,13
ht_0_hightown_a2,1067,3.04980000,408.17916814,16
ht_0_hightown_a2,1068,2.10820000,404.18245492,14
ht_0_hightown_a2,1069,1.78360000,403.83222696,11
ht_0_hightown_a2,1070,2.09980000,410.05535086,12
ht_0_hightown_a2,1071,2.66680000,405.50562491,19
ht_0_hightown_a2,1072,1.85000000,414.11995505,15
ht_0_hightown_a2,1073,1.75820000,409.04214616,14
ht_0_hightown_a2,1074,2.87480000,408.90570186,11
ht_0_hightown_a2,1075,1.72500000,409.21842931,17
ht_0_hightown_a2,1076,2.13320000,407.31764748,14
ht_0_hightown_a2,1077,2.18320000,405.57281225,13
ht_0_hightown_a2,1078,1.92500000,408.30277069,14
ht_0_hightown_a2,1079,2.75840000,406.47213348,14
ht_0_hightown_a2,1080,2.04160000,410.86784309,17
ht_0_hightown_a2,1081,1.74140000,411.85476471,16
ht_0_hightown_a2,1082,1.31660000,409.01669518,14
ht_0_hightown_a2,1083,2.41660000,423.17077602,11
ht_0_hightown_a2,1084,2.14980000,411.38589127,14
ht_0_hightown_a2,1085,1.44980000,413.25952103,15
ht_0_hightown_a2,1086,2.06680000,414.00171246,12
ht_0_hightown_a2,1087,1.77500000,409.25296670,15
ht_0_hightown_a2,1088,2.10840000,413.18625451,12
ht_0_hightown_a2,1089,2.23340000,406.61454755,13
ht_0_hightown_a2,1090,2.12460000,412.64257182,16
ht_0_hightown_a2,1091,1.51660000,414.79527895,17
ht_0_hightown_a2,1092,1.64180000,413.89843145,15
ht_0_hightown_a2,1093,1.86700000,415.36415167,15
ht_0_hightown_a2,1094,3.02500000,418.92332349,13
ht_0_hightown_a2,1095,2.26660000,415.89983112,14
ht_0_hightown_a2,1096,1.90000000,414.47820988,19
ht_0_hightown_a2,1097,1.85820000,410.95427612,15
ht_0_hightown_a2,1098,1.70840000,415.53133136,12
ht_0_hightown_a2,1099,1.80820000,416.74467753,16
ht_0_hightown_a2,1100,3.10820000,421.32643732,13
ht_0_hightown_a2,1101,1.88340000,418.05681633,12
ht_0_hightown_a2,1102,1.20840000,417.37625288,16
ht_0_hightown_a2,1103,1.95020000,424.15491698,17
ht_0_hightown_a2,1104,3.07500000,417.51593917,14
ht_0_hightown_a2,1105,1.90000000,413.26714807,16
ht_0_hightown_a2,1106,1.40000000,419.43798741,14
ht_0_hightown_a2,1107,1.51660000,420.08532566,15
ht_0_hightown_a2,1108,1.47480000,419.25079785,16
ht_0_hightown_a2,1109,1.92460000,418.49968278,12
ht_0_hightown_a2,1110,1.13340000,423.21581912,15
ht_0_hightown_a2,1111,1.46700000,421.24506335,19
ht_0_hightown_a2,1112,2.49180000,420.66614949,19
ht_0_hightown_a2,1113,1.92520000,423.31458090,13
ht_0_hightown_a2,1114,1.89980000,423.44011258,18
ht_0_hightown_a2,1115,1.11620000,422.64638863,17
ht_0_hightown_a2,1116,1.71660000,424.28305204,15
ht_0_hightown_a2,1117,1.47480000,424.69634631,11
ht_0_hightown_a2,1118,2.04980000,423.15810334,15
ht_0_hightown_a2,1119,2.30840000,427.43601317,15
ht_0_hightown_a2,1120,1.62500000,435.60607655,11
ht_0_hightown_a2,1121,1.41680000,425.30952074,19
ht_0_hightown_a2,1122,2.49180000,429.42533726,16
ht_0_hightown_a2,1123,1.93340000,427.81431118,13
ht_0_hightown_a2,1124,1.54180000,424.63253797,19
ht_0_hightown_a2,1125,2.38360000,425.03654293,15
ht_0_hightown_a2,1126,1.74180000,427.67113944,14
ht_0_hightown_a2,1127,2.03360000,424.26461810,17
ht_0_hightown_a2,1128,1.39980000,434.43042093,15
ht_0_hightown_a2,1129,2.03340000,426.49035524,18
ht_0_hightown_a2,1130,1.53360000,430.57040006,16
ht_0_hightown_a2,1131,1.85860000,430.94108991,16
ht_0_hightown_a2,1132,1.56680000,426.22514645,16
ht_0_hightown_a2,1133,2.09140000,433.24490704,13
ht_0_hightown_a2,1134,1.51660000,429.61570830,10
ht_0_hightown_a2,1135,2.32500000,438.09199350,15
ht_0_hightown_a2,1136,1.40840000,429.67099163,16
ht_0_hightown_a2,1137,1.03340000,429.56683087,17
ht_0_hightown_a2,1138,1.69980000,433.28016786,15
ht_0_hightown_a2,1139,1.31680000,432.74518386,15
ht_0_hightown_a2,1140,1.42480000,435.35886439,16
ht_0_hightown_a2,1141,2.31660000,435.57588146,14
ht_0_hightown_a2,1142,2.22480000,436.62784337,15
ht_0_hightown_a2,1143,1.21660000,435.28536775,16
ht_0_hightown_a2,1144,1.57500000,433.70299856,17
ht_0_hightown_a2,1145,2.07460000,434.51250441,15
ht_0_hightown_a2,1146,1.68340000,438.07407918,14
ht_0_hightown_a2,1147,1.80800000,434.22982324,13
ht_0_hightown_a2,1148,2.42480000,432.59948229,19
ht_0_hightown_a2,1149,1.50840000,435.95889537,15
ht_0_hightown_a2,1150,1.70840000,443.12966307,14
ht_0_hightown_a2,1151,1.75820000,436.08503920,13
ht_0_hightown_a2,1152,1.77480000,440.78775719,18
ht_0_hightown_a2,1153,2.55020000,440.52660763,14
ht_0_hightown_a2,1154,1.30020000,436.22548577,15
ht_0_hightown_a2,1155,2.13320000,438.97661490,12
ht_0_hightown_a2,1156,1.17500000,436.46453155,16
ht_0_hightown_a2,1157,1.29980000,443.50001955,14
ht_0_hightown_a2,1158,1.78320000,440.11840561,15
ht_0_hightown_a2,1159,2.25020000,440.05448144,17
ht_0_hightown_a2,1160,1.70000000,437.18767534,15
ht_0_hightown_a2,1161,2.33320000,455.69506673,12
ht_0_hightown_a2,1162,1.87520000,443.58607560,13
ht_0_hightown_a2,1163,1.07520000,442.67435554,12
ht_0_hightown_a2,1164,2.00840000,442.87202013,19
ht_0_hightown_a2,1165,2.17500000,454.49011665,13
ht_0_hightown_a2,1166,1.86680000,446.90915704,15
ht_0_hightown_a2,1167,1.50840000,442.25634105,16
ht_0_hightown_a2,1168,1.56680000,440.71605373,11
ht_0_hightown_a2,1169,1.54180000,447.84849472,15
ht_0_hightown_a2,1170,1.55020000,445.10518371,16
ht_0_hightown_a2,1171,2.35840000,449.41999278,18
ht_0_hightown_a2,1172,2.14960000,449.46475537,14
ht_0_hightown_a2,1173,1.71640000,451.54844782,15
ht_0_hightown_a2,1174,2.00840000,443.57732258,17
ht_0_hightown_a2,1175,1.54160000,447.40016847,15
ht_0_hightown_a2,1176,2.12500000,447.28090970,13
ht_0_hightown_a2,1177,1.20840000,449.14091975,14
ht_0_hightown_a2,1178,1.40820000,445.86383332,15
ht_0_hightown_a2,1179,1.44160000,447.12326490,15
ht_0_hightown_a2,1180,1.78360000,447.08460830,16
ht_0_hightown_a2,1181,2.15000000,458.38219490,11
ht_0_hightown_a2,1182,1.55020000,452.44453392,17
ht_0_hightown_a2,1183,1.47540000,453.49020693,16
ht_0_hightown_a2,1184,1.93380000,449.59013001,17
ht_0_hightown_a2,1185,1.35000000,450.36526142,16
ht_0_hightown_a2,1186,1.47500000,446.98181068,17
ht_0_hightown_a2,1187,1.64160000,454.51641214,13
ht_0_hightown_a2,1188,1.45840000,455.34933906,16
ht_0_hightown_a2,1189,1.52520000,453.26257833,15
ht_0_hightown_a2,1190,1.40840000,456.69072939,14
ht_0_hightown_a2,1191,1.46660000,455.74337050,15
ht_0_hightown_a2,1192,1.95000000,455.19322395,16
ht_0_hightown_a2,1193,2.25840000,456.40308334,14
ht_0_hightown_a2,1194,1.41660000,461.22994106,17
ht_0_hightown_a2,1195,1.60000000,449.19069805,18
ht_0_hightown_a2,1196,1.87520000,452.77428520,16
ht_0_hightown_a2,1197,1.63340000,453.66067653,17
ht_0_hightown_a2,1198,2.38360000,453.31046662,18
ht_0_hightown_a2,1199,1.17520000,455.44560295,14
ht_0_hightown_a2,1200,2.09160000,458.56602780,18
ht_0_hightown_a2,1201,2.07480000,455.50076790,13
ht_0_hightown_a2,1202,1.75840000,459.38684072,15
ht_0_hightown_a2,1203,1.92520000,463.31755045,15
ht_0_hightown_a2,1204,1.24160000,456.16498547,17
ht_0_hightown_a2,1205,1.22520000,460.29457134,14
ht_0_hightown_a2,1206,1.63340000,454.99331120,18
ht_0_hightown_a2,1207,1.37500000,460.98019854,16
ht_0_hightown_a2,1208,2.23320000,452.93163187,18
ht_0_hightown_a2,1209,1.60860000,458.37391349,15
ht_0_hightown_a2,1210,1.54180000,459.44372541,16
ht_0_hightown_a2,1211,2.25000000,463.55069001,16
ht_0_hightown_a2,1212,1.40000000,465.50322456,13
ht_0_hightown_a2,1213,1.50000000,463.31421324,14
ht_0_hightown_a2,1214,1.40000000,461.80933614,16
ht_0_hightown_a2,1215,1.19180000,460.22116999,17
ht_0_hightown_a2,1216,2.02500000,463.49156904,16
ht_0_hightown_a2,1217,1.44160000,462.34396995,18
ht_0_hightown_a2,1218,2.65800000,458.08573068,16
ht_0_hightown_a2,1219,1.58360000,459.90021869,17
ht_0_hightown_a2,1220,1.09980000,464.04833296,18
ht_0_hightown_a2,1221,1.63320000,462.96740117,17
ht_0_hightown_a2,1222,1.00000000,460.50067237,16
ht_0_hightown_a2,1223,2.37500000,470.31524511,15
ht_0_hightown_a2,1224,1.52520000,463.27354276,17
ht_0_hightown_a2,1225,1.80000000,468.35455605,14
ht_0_hightown_a2,1226,1.55840000,468.19262206,20
ht_0_hightown_a2,1227,1.33360000,462.57170720,17
ht_0_hightown_a2,1228,1.62500000,460.92973279,17
ht_0_hightown_a2,1229,1.57480000,466.75892163,17
ht_0_hightown_a2,1230,1.47480000,472.49539692,14
ht_0_hightown_a2,1231,1.23300000,474.58403951,14
ht_0_hightown_a2,1232,1.85000000,468.84872651,17
ht_0_hightown_a2,1233,2.14180000,467.94659357,16
ht_0_hightown_a2,1234,1.34980000,469.91756441,17
ht_0_hightown_a2,1235,1.76680000,472.20928939,14
ht_0_hightown_a2,1236,1.58380000,469.28405551,17
ht_0_hightown_a2,1237,1.43360000,467.52758009,17
ht_0_hightown_a2,1238,1.72500000,467.64459067,18
ht_0_hightown_a2,1239,1.11660000,466.53798521,16
ht_0_hightown_a2,1240,1.30840000,476.90579177,14
ht_0_hightown_a2,1241,1.72460000,471.30426998,15
ht_0_hightown_a2,1242,1.35000000,475.95043805,16
ht_0_hightown_a2,1243,1.84180000,473.89288105,16
ht_0_hightown_a2,1244,1.44180000,473.48058379,14
ht_0_hightown_a2,1245,1.81660000,476.64836835,14
ht_0_hightown_a2,1246,1.18320000,473.49465238,17
ht_0_hightown_a2,1247,1.60860000,473.83863747,17
ht_0_hightown_a2,1248,1.50020000,469.67148369,17
ht_0_hightown_a2,1249,1.47520000,475.43847377,14
ht_0_hightown_a2,1250,1.42500000,478.08404633,14
ht_0_hightown_a2,1251,1.29180000,479.39919344,14
ht_0_hightown_a2,1252,1.99180000,481.48279536,14
ht_0_hightown_a2,1253,1.47520000,475.84434035,17
ht_0_hightown_a2,1254,1.65000000,475.66338568,16
ht_0_hightown_a2,1255,1.11640000,479.57508570,17
ht_0_hightown_a2,1256,1.55020000,478.63124792,16
ht_0_hightown_a2,1257,1.55840000,477.04610450,17
ht_0_hightown_a2,1258,2.68320000,477.58134199,17
ht_0_hightown_a2,1259,1.42500000,481.51686339,14
ht_0_hightown_a2,1260,1.73300000,476.82197565,16
ht_0_hightown_a2,1261,0.92500000,475.88544766,17
ht_0_hightown_a2,1262,1.30840000,476.22165251,17
ht_0_hightown_a2,1263,1.55040000,477.14856021,16
ht_0_hightown_a2,1264,1.01680000,480.62166321,17
ht_0_hightown_a2,1265,1.45860000,476.45502108,17
ht_0_hightown_a2,1266,0.99180000,477.21680190,17
ht_0_hightown_a2,1267,1.21660000,480.59591617,16
ht_0_hightown_a2,1268,1.35000000,478.38846408,16
ht_0_hightown_a2,1269,1.14180000,476.49907738,17
ht_0_hightown_a2,1270,1.14180000,484.04074473,18
ht_0_hightown_a2,1271,2.30000000,482.43879481,15
ht_0_hightown_a2,1272,1.18300000,481.58618315,17
ht_0_hightown_a2,1273,1.00840000,482.11024902,17
ht_0_hightown_a2,1274,1.58340000,481.25147079,18
ht_0_hightown_a2,1275,1.30800000,480.35831363,17
ht_0_hightown_a2,1276,0.97500000,480.21001474,17
ht_0_hightown_a2,1277,1.20020000,482.24490494,18
ht_0_hightown_a2,1278,1.61660000,483.10412527,17
ht_0_hightown_a2,1279,2.19160000,484.44826228,16
ht_0_hightown_a2,1280,1.20820000,485.01499439,17
ht_0_hightown_a2,1281,1.19180000,485.89787359,17
ht_0_hightown_a2,1282,1.20020000,484.98041724,17
ht_0_hightown_a2,1283,1.04180000,486.13466187,17
ht_0_hightown_a2,1284,1.41680000,489.37684694,16
ht_0_hightown_a2,1285,1.20000000,483.72791881,17
ht_0_hightown_a2,1286,2.05820000,488.26294345,16
ht_0_hightown_a2,1287,1.74980000,485.40660769,17
ht_0_hightown_a2,1288,1.31700000,485.36783768,17
ht_0_hightown_a2,1289,1.20040000,490.55114523,17
ht_0_hightown_a2,1290,0.95020000,488.43999118,17
ht_0_hightown_a2,1291,1.27500000,489.88894028,18
ht_0_hightown_a2,1292,1.05840000,491.49237960,17
ht_0_hightown_a2,1293,1.26660000,490.34132529,17
ht_0_hightown_a2,1294,1.15840000,497.36809941,17
ht_0_hightown_a2,1295,1.24160000,487.79856021,17
ht_0_hightown_a2,1296,1.57500000,488.94756567,17
ht_0_hightown_a2,1297,0.96660000,488.14491130,17
ht_0_hightown_a2,1298,1.34140000,495.04823120,15
ht_0_hightown_a2,1299,0.99140000,486.37155663,17
ht_0_hightown_a2,1300,1.14180000,491.75547215,17
ht_0_hightown_a2,1301,1.27480000,491.93788177,17
ht_0_hightown_a2,1302,1.94980000,499.96183711,17
ht_0_hightown_a2,1303,1.47480000,489.16006046,17
ht_0_hightown_a2,1304,0.99120000,493.02482916,17
ht_0_hightown_a2,1305,1.14980000,495.44253396,18
ht_0_hightown_a2,1306,1.36660000,497.70200590,18
ht_0_hightown_a2,1307,1.08340000,491.09190531,17
ht_0_hightown_a2,1308,0.96660000,492.14530029,17
ht_0_hightown_a2,1309,1.64180000,494.04146880,17
ht_0_hightown_a2,1310,1.06660000,497.95302820,17
ht_0_hightown_a2,1311,1.34180000,504.22486360,17
ht_0_hightown_a2,1312,0.97520000,496.89653398,17
ht_0_hightown_a2,1313,1.29160000,500.29678601,19
ht_0_hightown_a2,1314,1.89160000,502.07145832,17
ht_0_hightown_a2,1315,1.42480000,495.27361827,17
ht_0_hightown_a2,1316,1.31680000,497.32111813,18
ht_0_hightown_a2,1317,0.98340000,496.66458861,17
ht_0_hightown_a2,1318,0.91680000,494.90214361,17
ht_0_hightown_a2,1319,1.16680000,496.14702950,17
ht_0_hightown_a2,1320,0.94180000,500.60222974,17
ht_0_hightown_a2,1321,1.06640000,507.96082624,16
ht_0_hightown_a2,1322,0.99140000,498.82027523,17
ht_0_hightown_a2,1323,1.20820000,503.32930087,18
ht_0_hightown_a2,1324,0.95840000,501.98666438,17
ht_0_hightown_a2,1325,1.69980000,507.98995979,16
ht_0_hightown_a2,1326,1.31640000,497.62515476,17
ht_0_hightown_a2,1327,1.03320000,499.05507767,18
ht_0_hightown_a2,1328,0.91660000,497.64113777,17
ht_0_hightown_a2,1329,1.72520000,506.56309665,18
ht_0_hightown_a2,1330,1.06680000,502.96969512,17
ht_0_hightown_a2,1331,0.90020000,503.60665990,17
ht_0_hightown_a2,1332,1.05000000,506.52296675,19
ht_0_hightown_a2,1333,1.91680000,504.91517303,18
ht_0_hightown_a2,1334,0.95020000,502.85537366,17
ht_0_hightown_a2,1335,1.00000000,505.97689097,17
ht_0_hightown_a2,1336,0.93340000,504.24860174,17
ht_0_hightown_a2,1337,1.53360000,514.97715810,17
ht_0_hightown_a2,1338,1.31680000,508.44278412,16
ht_0_hightown_a2,1339,1.00840000,500.56225427,17
ht_0_hightown_a2,1340,1.61680000,507.42678462,17
ht_0_hightown_a2,1341,0.97500000,510.68442304,17
ht_0_hightown_a2,1342,1.15820000,514.98470193,17
ht_0_hightown_a2,1343,1.29160000,508.08593548,17
ht_0_hightown_a2,1344,1.27480000,507.50192778,17
ht_0_hightown_a2,1345,0.89140000,505.87890214,17
ht_0_hightown_a2,1346,0.98320000,508.20118234,17
ht_0_hightown_a2,1347,1.06640000,509.29602835,17
ht_0_hightown_a2,1348,1.31700000,505.16658622,17
ht_0_hightown_a2,1349,1.21700000,506.72345077,17
